{
    "accuracy": 0.1772831926323868,
    "rouge1": 0.15384416087025365,
    "rouge2": 0.06592316526314988,
    "rougeL": 0.15272402194888696,
    "rougeLsum": 0.1529871578068039
}