{
    "accuracy": 0.00214888718342287,
    "rouge1": 0.0031729432842249397,
    "rouge2": 0.0,
    "rougeL": 0.0031658262433396723,
    "rougeLsum": 0.0031760637247974137
}